{
"lengthUnit": "mil",
"components": {
	"fields": ["COMPONENT_NO", "COMPONENT_NAME", "LAYER", "X_COORDINATE", "Y_COORDINATE", "ANGLE"],
	"rows": [
		[1, "C1", "T", 3115, -1810, 0],
		[2, "R1", "T", 1570, -625, 270],
		[3, "R2", "T", 3310, -1815, 0],
		[4, "R3", "T", 3910, -1885, 0],
		[5, "R4", "T", 3695, -1340, 90],
		[6, "R5", "T", 4415, -1870, 0],
		[7, "R6", "T", 4725, -1530, 0],
		[8, "R7", "T", 3320, -1660, 0],
		[9, "RP2", "T", 3675, -2270, 180],
		[10, "RP3", "T", 4205, -2200, 0],
		[11, "S1", "T", 1545, -1215, 0],
		[12, "S2", "T", 1555, -1865, 0],
		[13, "U1", "T", 4675, -820, 180],
		[14, "U2", "T", 2355.27, -1525.4, 0],
		[15, "U3", "T", 3615, -1670, 0],
		[16, "U4", "T", 3135, -1445, 90],
		[17, "U5", "T", 4165, -1675, 180]
	]
},
"pins": {
	"fields": ["PIN_NO", "PIN_NAME", "PIN_X", "PIN_Y", "LAYER", "PIN_TYPE", "NET_NAME", "NET_TYPE", "PAD_SHAPE", "PAD_SIZEX", "PAD_SIZEY", "HOLE_SIZE", "PAD_ANGLE"],
	"rows": [
		[1, "C1_1", 3087.44, -1810, "T", "SMD", "$1N627", "", "R", 31.5, 35.43, 0, 0],
		[2, "C1_2", 3142.56, -1810, "T", "SMD", "$1N20", "", "R", 31.5, 35.43, 0, 0],
		[3, "R1_1", 1520.79, -723.42, "T", "DIP", "$1N6", "", "C", 60, 60, 27.56, 270],
		[4, "R1_1", 1520.79, -723.42, "B", "DIP", "$1N6", "", "C", 60, 60, 27.56, 270],
		[5, "R1_2", 1619.21, -625, "T", "DIP", "$1N7", "", "C", 60, 60, 27.56, 270],
		[6, "R1_2", 1619.21, -625, "B", "DIP", "$1N7", "", "C", 60, 60, 27.56, 270],
		[7, "R1_3", 1520.79, -526.58, "T", "DIP", "$1N8", "", "C", 60, 60, 27.56, 270],
		[8, "R1_3", 1520.79, -526.58, "B", "DIP", "$1N8", "", "C", 60, 60, 27.56, 270],
		[9, "R2_1", 3280.34, -1815, "T", "SMD", "$1N627", "", "R", 31.75, 34.02, 0, 0],
		[10, "R2_2", 3339.66, -1815, "T", "SMD", "$1N15", "", "R", 31.75, 34.02, 0, 0],
		[11, "R3_1", 3880.34, -1885, "T", "SMD", "$1N16", "", "R", 31.75, 34.02, 0, 0],
		[12, "R3_2", 3939.66, -1885, "T", "SMD", "$1N631", "", "R", 31.75, 34.02, 0, 0],
		[13, "R4_1", 3695, -1369.66, "T", "SMD", "GND", "GND", "R", 31.75, 34.02, 0, 90],
		[14, "R4_2", 3695, -1310.34, "T", "SMD", "$1N550", "", "R", 31.75, 34.02, 0, 90],
		[15, "R5_1", 4385.34, -1870, "T", "SMD", "$1N550", "", "R", 31.75, 34.02, 0, 0],
		[16, "R5_2", 4444.66, -1870, "T", "SMD", "$1N749", "", "R", 31.75, 34.02, 0, 0],
		[17, "R6_1", 4695.34, -1530, "T", "SMD", "$1N749", "", "R", 31.75, 34.02, 0, 0],
		[18, "R6_2", 4754.66, -1530, "T", "SMD", "V_OUT", "", "R", 31.75, 34.02, 0, 0],
		[19, "R7_1", 3290.34, -1660, "T", "SMD", "GND", "GND", "R", 31.75, 34.02, 0, 0],
		[20, "R7_2", 3349.66, -1660, "T", "SMD", "$1N14", "", "R", 31.75, 34.02, 0, 0],
		[21, "RP2_1", 3576.58, -2220.79, "T", "DIP", "$1N15", "", "C", 60, 60, 27.56, 180],
		[22, "RP2_1", 3576.58, -2220.79, "B", "DIP", "$1N15", "", "C", 60, 60, 27.56, 180],
		[23, "RP2_2", 3674.99, -2319.21, "T", "DIP", "$1N16", "", "C", 60, 60, 27.56, 180],
		[24, "RP2_2", 3674.99, -2319.21, "B", "DIP", "$1N16", "", "C", 60, 60, 27.56, 180],
		[25, "RP2_3", 3773.42, -2220.79, "T", "DIP", "RP2_3", "", "C", 60, 60, 27.56, 180],
		[26, "RP2_3", 3773.42, -2220.79, "B", "DIP", "RP2_3", "", "C", 60, 60, 27.56, 180],
		[27, "RP3_1", 4303.42, -2249.21, "T", "DIP", "GND", "GND", "C", 60, 60, 27.56, 0],
		[28, "RP3_1", 4303.42, -2249.21, "B", "DIP", "GND", "GND", "C", 60, 60, 27.56, 0],
		[29, "RP3_2", 4205.01, -2150.79, "T", "DIP", "$1N631", "", "C", 60, 60, 27.56, 0],
		[30, "RP3_2", 4205.01, -2150.79, "B", "DIP", "$1N631", "", "C", 60, 60, 27.56, 0],
		[31, "RP3_3", 4106.58, -2249.21, "T", "DIP", "RP3_3", "", "C", 60, 60, 27.56, 0],
		[32, "RP3_3", 4106.58, -2249.21, "B", "DIP", "RP3_3", "", "C", 60, 60, 27.56, 0],
		[33, "S1_1", 1445, -1140, "T", "SMD", "$1N6", "", "R", 30, 60, 0, 90],
		[34, "S1_2", 1645, -1140, "T", "SMD", "S1_2", "", "R", 30, 60, 0, 90],
		[35, "S1_3", 1445, -1290, "T", "SMD", "$1N4", "", "R", 30, 60, 0, 90],
		[36, "S1_4", 1645, -1290, "T", "SMD", "S1_4", "", "R", 30, 60, 0, 90],
		[37, "S2_1", 1455, -1790, "T", "SMD", "$1N6", "", "R", 30, 60, 0, 90],
		[38, "S2_2", 1655, -1790, "T", "SMD", "S2_2", "", "R", 30, 60, 0, 90],
		[39, "S2_3", 1455, -1940, "T", "SMD", "$1N5", "", "R", 30, 60, 0, 90],
		[40, "S2_4", 1655, -1940, "T", "SMD", "S2_4", "", "R", 30, 60, 0, 90],
		[41, "U1_1", 4676.88, -1038.29, "T", "DIP", "U1_1", "", "R", 60, 60, 36, 180],
		[42, "U1_1", 4676.88, -1038.29, "B", "DIP", "U1_1", "", "R", 60, 60, 36, 180],
		[43, "U1_2", 4578.45, -1038.29, "T", "DIP", "U1_2", "", "C", 60, 60, 36, 180],
		[44, "U1_2", 4578.45, -1038.29, "B", "DIP", "U1_2", "", "C", 60, 60, 36, 180],
		[45, "U1_3", 4480.03, -1038.29, "T", "DIP", "U1_3", "", "C", 60, 60, 36, 180],
		[46, "U1_3", 4480.03, -1038.29, "B", "DIP", "U1_3", "", "C", 60, 60, 36, 180],
		[47, "U1_4", 4381.6, -1038.29, "T", "DIP", "U1_4", "", "C", 60, 60, 36, 180],
		[48, "U1_4", 4381.6, -1038.29, "B", "DIP", "U1_4", "", "C", 60, 60, 36, 180],
		[49, "U1_5", 4283.18, -1038.29, "T", "DIP", "U1_5", "", "C", 60, 60, 36, 180],
		[50, "U1_5", 4283.18, -1038.29, "B", "DIP", "U1_5", "", "C", 60, 60, 36, 180],
		[51, "U1_6", 4184.75, -1038.29, "T", "DIP", "U1_6", "", "C", 60, 60, 36, 180],
		[52, "U1_6", 4184.75, -1038.29, "B", "DIP", "U1_6", "", "C", 60, 60, 36, 180],
		[53, "U1_7", 4086.33, -1038.29, "T", "DIP", "U1_7", "", "C", 60, 60, 36, 180],
		[54, "U1_7", 4086.33, -1038.29, "B", "DIP", "U1_7", "", "C", 60, 60, 36, 180],
		[55, "U1_8", 3987.9, -1038.29, "T", "DIP", "U1_8", "", "C", 60, 60, 36, 180],
		[56, "U1_8", 3987.9, -1038.29, "B", "DIP", "U1_8", "", "C", 60, 60, 36, 180],
		[57, "U1_9", 3889.48, -1038.29, "T", "DIP", "U1_9", "", "C", 60, 60, 36, 180],
		[58, "U1_9", 3889.48, -1038.29, "B", "DIP", "U1_9", "", "C", 60, 60, 36, 180],
		[59, "U1_10", 3791.05, -1038.29, "T", "DIP", "U1_10", "", "C", 60, 60, 36, 180],
		[60, "U1_10", 3791.05, -1038.29, "B", "DIP", "U1_10", "", "C", 60, 60, 36, 180],
		[61, "U1_11", 3692.63, -1038.29, "T", "DIP", "U1_11", "", "C", 60, 60, 36, 180],
		[62, "U1_11", 3692.63, -1038.29, "B", "DIP", "U1_11", "", "C", 60, 60, 36, 180],
		[63, "U1_12", 3594.2, -1038.29, "T", "DIP", "U1_12", "", "C", 60, 60, 36, 180],
		[64, "U1_12", 3594.2, -1038.29, "B", "DIP", "U1_12", "", "C", 60, 60, 36, 180],
		[65, "U1_13", 3495.78, -1038.29, "T", "DIP", "U1_13", "", "C", 60, 60, 36, 180],
		[66, "U1_13", 3495.78, -1038.29, "B", "DIP", "U1_13", "", "C", 60, 60, 36, 180],
		[67, "U1_14", 3397.35, -1038.29, "T", "DIP", "U1_14", "", "C", 60, 60, 36, 180],
		[68, "U1_14", 3397.35, -1038.29, "B", "DIP", "U1_14", "", "C", 60, 60, 36, 180],
		[69, "U1_15", 3298.93, -1038.29, "T", "DIP", "U1_15", "", "C", 60, 60, 36, 180],
		[70, "U1_15", 3298.93, -1038.29, "B", "DIP", "U1_15", "", "C", 60, 60, 36, 180],
		[71, "U1_16", 3200.5, -1038.29, "T", "DIP", "U1_16", "", "C", 60, 60, 36, 180],
		[72, "U1_16", 3200.5, -1038.29, "B", "DIP", "U1_16", "", "C", 60, 60, 36, 180],
		[73, "U1_17", 3200.4, -871.67, "T", "DIP", "GND", "GND", "C", 60, 60, 36, 180],
		[74, "U1_17", 3200.4, -871.67, "B", "DIP", "GND", "GND", "C", 60, 60, 36, 180],
		[75, "U1_18", 3200.07, -773.14, "T", "DIP", "$1N8", "", "C", 60, 60, 36, 180],
		[76, "U1_18", 3200.07, -773.14, "B", "DIP", "$1N8", "", "C", 60, 60, 36, 180],
		[77, "U1_19", 3200.07, -674.72, "T", "DIP", "$1N1", "", "C", 60, 60, 36, 180],
		[78, "U1_19", 3200.07, -674.72, "B", "DIP", "$1N1", "", "C", 60, 60, 36, 180],
		[79, "U1_20", 3200.07, -576.29, "T", "DIP", "$1N2", "", "C", 60, 60, 36, 180],
		[80, "U1_20", 3200.07, -576.29, "B", "DIP", "$1N2", "", "C", 60, 60, 36, 180],
		[81, "U1_21", 4675, -822.86, "T", "DIP", "U1_21", "", "C", 60, 60, 36, 180],
		[82, "U1_21", 4675, -822.86, "B", "DIP", "U1_21", "", "C", 60, 60, 36, 180],
		[83, "U1_22", 4675, -721.57, "T", "DIP", "U1_22", "", "C", 60, 60, 36, 180],
		[84, "U1_22", 4675, -721.57, "B", "DIP", "U1_22", "", "C", 60, 60, 36, 180],
		[85, "U2_J2-1", 1855.27, -625.4, "T", "DIP", "$1N8", "", "R", 61.42, 61.42, 41.14, 0],
		[86, "U2_J2-1", 1855.27, -625.4, "B", "DIP", "$1N8", "", "R", 61.42, 61.42, 41.14, 0],
		[87, "U2_J2-10", 1855.27, -1525.4, "T", "DIP", "U2_J2-10", "", "C", 61.42, 61.42, 41.14, 0],
		[88, "U2_J2-10", 1855.27, -1525.4, "B", "DIP", "U2_J2-10", "", "C", 61.42, 61.42, 41.14, 0],
		[89, "U2_J2-11", 1855.27, -1625.4, "T", "DIP", "U2_J2-11", "", "C", 61.42, 61.42, 41.14, 0],
		[90, "U2_J2-11", 1855.27, -1625.4, "B", "DIP", "U2_J2-11", "", "C", 61.42, 61.42, 41.14, 0],
		[91, "U2_J2-12", 1855.27, -1725.4, "T", "DIP", "U2_J2-12", "", "C", 61.42, 61.42, 41.14, 0],
		[92, "U2_J2-12", 1855.27, -1725.4, "B", "DIP", "U2_J2-12", "", "C", 61.42, 61.42, 41.14, 0],
		[93, "U2_J2-13", 1855.27, -1825.4, "T", "DIP", "$1N7", "", "C", 61.42, 61.42, 41.14, 0],
		[94, "U2_J2-13", 1855.27, -1825.4, "B", "DIP", "$1N7", "", "C", 61.42, 61.42, 41.14, 0],
		[95, "U2_J2-14", 1855.27, -1925.4, "T", "DIP", "$1N6", "", "C", 61.42, 61.42, 41.14, 0],
		[96, "U2_J2-14", 1855.27, -1925.4, "B", "DIP", "$1N6", "", "C", 61.42, 61.42, 41.14, 0],
		[97, "U2_J2-15", 1855.27, -2025.4, "T", "DIP", "$1N12", "", "C", 61.42, 61.42, 41.14, 0],
		[98, "U2_J2-15", 1855.27, -2025.4, "B", "DIP", "$1N12", "", "C", 61.42, 61.42, 41.14, 0],
		[99, "U2_J2-16", 1855.27, -2125.4, "T", "DIP", "U2_J2-16", "", "C", 61.42, 61.42, 41.14, 0],
		[100, "U2_J2-16", 1855.27, -2125.4, "B", "DIP", "U2_J2-16", "", "C", 61.42, 61.42, 41.14, 0],
		[101, "U2_J2-17", 1855.27, -2225.4, "T", "DIP", "U2_J2-17", "", "C", 61.42, 61.42, 41.14, 0],
		[102, "U2_J2-17", 1855.27, -2225.4, "B", "DIP", "U2_J2-17", "", "C", 61.42, 61.42, 41.14, 0],
		[103, "U2_J2-18", 1855.27, -2325.4, "T", "DIP", "U2_J2-18", "", "C", 61.42, 61.42, 41.14, 0],
		[104, "U2_J2-18", 1855.27, -2325.4, "B", "DIP", "U2_J2-18", "", "C", 61.42, 61.42, 41.14, 0],
		[105, "U2_J2-19", 1855.27, -2425.4, "T", "DIP", "U2_J2-19", "", "C", 61.42, 61.42, 41.14, 0],
		[106, "U2_J2-19", 1855.27, -2425.4, "B", "DIP", "U2_J2-19", "", "C", 61.42, 61.42, 41.14, 0],
		[107, "U2_J2-2", 1855.27, -725.4, "T", "DIP", "U2_J2-2", "", "C", 61.42, 61.42, 41.14, 0],
		[108, "U2_J2-2", 1855.27, -725.4, "B", "DIP", "U2_J2-2", "", "C", 61.42, 61.42, 41.14, 0],
		[109, "U2_J2-3", 1855.27, -825.4, "T", "DIP", "U2_J2-3", "", "C", 61.42, 61.42, 41.14, 0],
		[110, "U2_J2-3", 1855.27, -825.4, "B", "DIP", "U2_J2-3", "", "C", 61.42, 61.42, 41.14, 0],
		[111, "U2_J2-4", 1855.27, -925.4, "T", "DIP", "U2_J2-4", "", "C", 61.42, 61.42, 41.14, 0],
		[112, "U2_J2-4", 1855.27, -925.4, "B", "DIP", "U2_J2-4", "", "C", 61.42, 61.42, 41.14, 0],
		[113, "U2_J2-5", 1855.27, -1025.4, "T", "DIP", "U2_J2-5", "", "C", 61.42, 61.42, 41.14, 0],
		[114, "U2_J2-5", 1855.27, -1025.4, "B", "DIP", "U2_J2-5", "", "C", 61.42, 61.42, 41.14, 0],
		[115, "U2_J2-6", 1855.27, -1125.4, "T", "DIP", "U2_J2-6", "", "C", 61.42, 61.42, 41.14, 0],
		[116, "U2_J2-6", 1855.27, -1125.4, "B", "DIP", "U2_J2-6", "", "C", 61.42, 61.42, 41.14, 0],
		[117, "U2_J2-7", 1855.27, -1225.4, "T", "DIP", "$1N4", "", "C", 61.42, 61.42, 41.14, 0],
		[118, "U2_J2-7", 1855.27, -1225.4, "B", "DIP", "$1N4", "", "C", 61.42, 61.42, 41.14, 0],
		[119, "U2_J2-8", 1855.27, -1325.4, "T", "DIP", "U2_J2-8", "", "C", 61.42, 61.42, 41.14, 0],
		[120, "U2_J2-8", 1855.27, -1325.4, "B", "DIP", "U2_J2-8", "", "C", 61.42, 61.42, 41.14, 0],
		[121, "U2_J2-9", 1855.27, -1425.4, "T", "DIP", "$1N5", "", "C", 61.42, 61.42, 41.14, 0],
		[122, "U2_J2-9", 1855.27, -1425.4, "B", "DIP", "$1N5", "", "C", 61.42, 61.42, 41.14, 0],
		[123, "U2_J3-1", 2855.27, -625.4, "T", "DIP", "GND", "GND", "C", 61.42, 61.42, 41.14, 0],
		[124, "U2_J3-1", 2855.27, -625.4, "B", "DIP", "GND", "GND", "C", 61.42, 61.42, 41.14, 0],
		[125, "U2_J3-10", 2855.27, -1525.4, "T", "DIP", "$1N19", "", "C", 61.42, 61.42, 41.14, 0],
		[126, "U2_J3-10", 2855.27, -1525.4, "B", "DIP", "$1N19", "", "C", 61.42, 61.42, 41.14, 0],
		[127, "U2_J3-11", 2855.27, -1625.4, "T", "DIP", "U2_J3-11", "", "C", 61.42, 61.42, 41.14, 0],
		[128, "U2_J3-11", 2855.27, -1625.4, "B", "DIP", "U2_J3-11", "", "C", 61.42, 61.42, 41.14, 0],
		[129, "U2_J3-12", 2855.27, -1725.4, "T", "DIP", "U2_J3-12", "", "C", 61.42, 61.42, 41.14, 0],
		[130, "U2_J3-12", 2855.27, -1725.4, "B", "DIP", "U2_J3-12", "", "C", 61.42, 61.42, 41.14, 0],
		[131, "U2_J3-13", 2855.27, -1825.4, "T", "DIP", "$1N11", "", "C", 61.42, 61.42, 41.14, 0],
		[132, "U2_J3-13", 2855.27, -1825.4, "B", "DIP", "$1N11", "", "C", 61.42, 61.42, 41.14, 0],
		[133, "U2_J3-14", 2855.27, -1925.4, "T", "DIP", "$1N10", "", "C", 61.42, 61.42, 41.14, 0],
		[134, "U2_J3-14", 2855.27, -1925.4, "B", "DIP", "$1N10", "", "C", 61.42, 61.42, 41.14, 0],
		[135, "U2_J3-15", 2855.27, -2025.4, "T", "DIP", "U2_J3-15", "", "C", 61.42, 61.42, 41.14, 0],
		[136, "U2_J3-15", 2855.27, -2025.4, "B", "DIP", "U2_J3-15", "", "C", 61.42, 61.42, 41.14, 0],
		[137, "U2_J3-16", 2855.27, -2125.4, "T", "DIP", "U2_J3-16", "", "C", 61.42, 61.42, 41.14, 0],
		[138, "U2_J3-16", 2855.27, -2125.4, "B", "DIP", "U2_J3-16", "", "C", 61.42, 61.42, 41.14, 0],
		[139, "U2_J3-17", 2855.27, -2225.4, "T", "DIP", "U2_J3-17", "", "C", 61.42, 61.42, 41.14, 0],
		[140, "U2_J3-17", 2855.27, -2225.4, "B", "DIP", "U2_J3-17", "", "C", 61.42, 61.42, 41.14, 0],
		[141, "U2_J3-18", 2855.27, -2325.4, "T", "DIP", "U2_J3-18", "", "C", 61.42, 61.42, 41.14, 0],
		[142, "U2_J3-18", 2855.27, -2325.4, "B", "DIP", "U2_J3-18", "", "C", 61.42, 61.42, 41.14, 0],
		[143, "U2_J3-19", 2855.27, -2425.4, "T", "DIP", "U2_J3-19", "", "C", 61.42, 61.42, 41.14, 0],
		[144, "U2_J3-19", 2855.27, -2425.4, "B", "DIP", "U2_J3-19", "", "C", 61.42, 61.42, 41.14, 0],
		[145, "U2_J3-2", 2855.27, -725.4, "T", "DIP", "$1N17", "", "C", 61.42, 61.42, 41.14, 0],
		[146, "U2_J3-2", 2855.27, -725.4, "B", "DIP", "$1N17", "", "C", 61.42, 61.42, 41.14, 0],
		[147, "U2_J3-3", 2855.27, -825.4, "T", "DIP", "$1N2", "", "C", 61.42, 61.42, 41.14, 0],
		[148, "U2_J3-3", 2855.27, -825.4, "B", "DIP", "$1N2", "", "C", 61.42, 61.42, 41.14, 0],
		[149, "U2_J3-4", 2855.27, -925.4, "T", "DIP", "U2_J3-4", "", "C", 61.42, 61.42, 41.14, 0],
		[150, "U2_J3-4", 2855.27, -925.4, "B", "DIP", "U2_J3-4", "", "C", 61.42, 61.42, 41.14, 0],
		[151, "U2_J3-5", 2855.27, -1025.4, "T", "DIP", "U2_J3-5", "", "C", 61.42, 61.42, 41.14, 0],
		[152, "U2_J3-5", 2855.27, -1025.4, "B", "DIP", "U2_J3-5", "", "C", 61.42, 61.42, 41.14, 0],
		[153, "U2_J3-6", 2855.27, -1125.4, "T", "DIP", "$1N1", "", "C", 61.42, 61.42, 41.14, 0],
		[154, "U2_J3-6", 2855.27, -1125.4, "B", "DIP", "$1N1", "", "C", 61.42, 61.42, 41.14, 0],
		[155, "U2_J3-7", 2855.27, -1225.4, "T", "DIP", "U2_J3-7", "", "C", 61.42, 61.42, 41.14, 0],
		[156, "U2_J3-7", 2855.27, -1225.4, "B", "DIP", "U2_J3-7", "", "C", 61.42, 61.42, 41.14, 0],
		[157, "U2_J3-8", 2855.27, -1325.4, "T", "DIP", "U2_J3-8", "", "C", 61.42, 61.42, 41.14, 0],
		[158, "U2_J3-8", 2855.27, -1325.4, "B", "DIP", "U2_J3-8", "", "C", 61.42, 61.42, 41.14, 0],
		[159, "U2_J3-9", 2855.27, -1425.4, "T", "DIP", "$1N18", "", "C", 61.42, 61.42, 41.14, 0],
		[160, "U2_J3-9", 2855.27, -1425.4, "B", "DIP", "$1N18", "", "C", 61.42, 61.42, 41.14, 0],
		[161, "U3_1", 3540, -1779.15, "T", "SMD", "U3_1", "", "O", 23.15, 80.51, 0, 0],
		[162, "U3_2", 3590, -1779.15, "T", "SMD", "$1N14", "", "O", 23.15, 80.51, 0, 0],
		[163, "U3_3", 3640, -1779.15, "T", "SMD", "$1N15", "", "O", 23.15, 80.51, 0, 0],
		[164, "U3_4", 3690, -1779.15, "T", "SMD", "-12", "", "O", 23.15, 80.51, 0, 0],
		[165, "U3_5", 3690, -1560.85, "T", "SMD", "U3_5", "", "O", 23.15, 80.51, 0, 0],
		[166, "U3_6", 3640, -1560.85, "T", "SMD", "$1N16", "", "O", 23.15, 80.51, 0, 0],
		[167, "U3_7", 3590, -1560.85, "T", "SMD", "+12", "", "O", 23.15, 80.51, 0, 0],
		[168, "U3_8", 3540, -1560.85, "T", "SMD", "U3_8", "", "O", 23.15, 80.51, 0, 0],
		[169, "U4_1", 3218.07, -1484.37, "T", "SMD", "U4_1", "", "O", 11.02, 63.78, 0, 90],
		[170, "U4_2", 3218.07, -1464.68, "T", "SMD", "$1N8", "", "O", 11.02, 63.78, 0, 90],
		[171, "U4_3", 3218.07, -1445, "T", "SMD", "U4_3", "", "O", 11.02, 63.78, 0, 90],
		[172, "U4_4", 3218.07, -1425.31, "T", "SMD", "GND", "GND", "O", 11.02, 63.78, 0, 90],
		[173, "U4_5", 3218.07, -1405.63, "T", "SMD", "U4_5", "", "O", 11.02, 63.78, 0, 90],
		[174, "U4_6", 3051.93, -1405.63, "T", "SMD", "$1N17", "", "O", 11.02, 63.78, 0, 90],
		[175, "U4_7", 3051.93, -1425.31, "T", "SMD", "$1N18", "", "O", 11.02, 63.78, 0, 90],
		[176, "U4_8", 3051.93, -1445, "T", "SMD", "$1N19", "", "O", 11.02, 63.78, 0, 90],
		[177, "U4_9", 3051.93, -1464.68, "T", "SMD", "GND", "GND", "O", 11.02, 63.78, 0, 90],
		[178, "U4_10", 3051.93, -1484.37, "T", "SMD", "$1N20", "", "O", 11.02, 63.78, 0, 90],
		[179, "U5_1", 4240, -1565.85, "T", "SMD", "U5_1", "", "O", 23.15, 80.51, 0, 180],
		[180, "U5_2", 4190, -1565.85, "T", "SMD", "$1N550", "", "O", 23.15, 80.51, 0, 180],
		[181, "U5_3", 4140, -1565.85, "T", "SMD", "$1N631", "", "O", 23.15, 80.51, 0, 180],
		[182, "U5_4", 4090, -1565.85, "T", "SMD", "-12", "", "O", 23.15, 80.51, 0, 180],
		[183, "U5_5", 4090, -1784.15, "T", "SMD", "U5_5", "", "O", 23.15, 80.51, 0, 180],
		[184, "U5_6", 4140, -1784.15, "T", "SMD", "$1N749", "", "O", 23.15, 80.51, 0, 180],
		[185, "U5_7", 4190, -1784.15, "T", "SMD", "+12", "", "O", 23.15, 80.51, 0, 180],
		[186, "U5_8", 4240, -1784.15, "T", "SMD", "U5_8", "", "O", 23.15, 80.51, 0, 180]
	]
}
}